Bottleneck_Leg,Unmet
AA0858PHHTFB,156.5
AA0851TFBIOM,155.55
AA0477MBYTFB,155.35
AA0020TFBPSE,139.9
AA0259QWSMBY,136.6
AA0521CVSTFB,125.9
AA0139PSEBOD,119.9
AA0608TFBMBT,115.89999999999999
AA0220TFBTGP,114.2
AA0023PSETFB,111.2
AA0123TFBGBJ,111.15
AA0251TKEMBY,110.4
AA0565MBYQEY,110.19999999999999
AA0862PHHQEY,109.35000000000001
AA0471MBYTFB,106.05
